call_id,agent_id,customer_phone,start_time,end_time,call_outcome,language,disposition_code,amount_promised,retry_flag,call_duration_seconds,call_hour,call_date,is_weekend,duration_bucket,is_amount_imputed
CALL_2,AGENT_4,9542621108,2026-05-14 08:01:05,2026-05-14 08:04:58,connected,Marathi,PTP,5000.0,False,233.0,8,2026-05-14,False,medium,False
CALL_3,AGENT_1,9814763202,2026-02-15 17:17:51,2026-02-15 17:32:51,no_answer,Marathi,FOLLOW_UP,1000.0,False,900.0,17,2026-02-15,True,long,False
CALL_5,AGENT_9,9314797776,2026-04-18 09:59:24,2026-04-18 10:00:54,dropped,Marathi,PTP,0.0,True,90.0,9,2026-04-18,True,medium,True
CALL_6,AGENT_2,9408157429,2026-02-25 12:05:54,2026-02-25 12:10:02,dropped,English,CALL_BACK,1000.0,True,248.0,12,2026-02-25,False,medium,False
CALL_7,AGENT_2,9654049436,2026-03-12 11:42:17,2026-03-12 11:54:25,no_answer,Marathi,CALL_BACK,500.0,True,728.0,11,2026-03-12,False,long,False
CALL_8,AGENT_9,9235809993,2026-04-13 12:59:40,2026-04-13 13:11:34,dropped,Hindi,PTP,0.0,False,714.0,12,2026-04-13,False,long,True
CALL_10,AGENT_5,9802099969,2026-03-05 11:47:35,2026-03-05 11:56:56,callback_requested,Marathi,FOLLOW_UP,1000.0,True,561.0,11,2026-03-05,False,long,False
CALL_11,AGENT_2,9164112119,2026-02-17 15:05:48,2026-02-17 15:06:46,no_answer,Marathi,FOLLOW_UP,5000.0,True,58.0,15,2026-02-17,False,short,False
CALL_13,AGENT_1,9775340444,2026-03-04 12:27:10,2026-03-04 12:35:04,dropped,Marathi,PTP,5000.0,True,474.0,12,2026-03-04,False,long,False
CALL_14,AGENT_3,9401486939,2026-03-27 18:32:38,2026-03-27 18:36:11,no_answer,Marathi,CALL_BACK,0.0,False,213.0,18,2026-03-27,False,medium,True
CALL_15,AGENT_5,9257109965,2026-04-01 09:59:23,2026-04-01 10:13:44,connected,Hindi,CALL_BACK,0.0,True,861.0,9,2026-04-01,False,long,True
CALL_16,AGENT_3,9137859287,2026-04-27 09:48:34,2026-04-27 10:01:48,callback_requested,Marathi,PTP,1000.0,False,794.0,9,2026-04-27,False,long,False
CALL_17,AGENT_5,9428414718,2026-02-18 20:46:44,2026-02-18 20:50:19,dropped,English,CALL_BACK,2000.0,True,215.0,20,2026-02-18,False,medium,False
CALL_18,AGENT_9,9247083812,2026-02-08 09:21:01,2026-02-08 09:31:13,no_answer,Hindi,PTP,0.0,True,612.0,9,2026-02-08,True,long,True
CALL_19,AGENT_5,9718309417,2026-01-02 13:04:32,2026-01-02 13:08:45,callback_requested,Hindi,CALL_BACK,500.0,False,253.0,13,2026-01-02,False,medium,False
CALL_21,AGENT_7,9781913386,2026-01-22 18:41:06,2026-01-22 18:42:18,dropped,Hindi,PTP,500.0,True,72.0,18,2026-01-22,False,medium,False
CALL_22,AGENT_8,9268227631,2026-05-15 10:27:11,2026-05-15 10:32:06,connected,English,CALL_BACK,0.0,True,295.0,10,2026-05-15,False,medium,True
CALL_23,AGENT_4,9178575192,2026-05-27 08:05:59,2026-05-27 08:19:00,callback_requested,English,FOLLOW_UP,500.0,False,781.0,8,2026-05-27,False,long,False
CALL_24,AGENT_8,9306284028,2026-01-06 14:00:24,2026-01-06 14:05:05,callback_requested,Marathi,CALL_BACK,5000.0,False,281.0,14,2026-01-06,False,medium,False
CALL_25,AGENT_9,9065452690,2026-02-07 12:13:03,2026-02-07 12:23:06,dropped,Hindi,PTP,5000.0,False,603.0,12,2026-02-07,True,long,False
CALL_26,AGENT_2,9914122100,2026-05-28 16:10:03,2026-05-28 16:18:53,no_answer,Hindi,CALL_BACK,0.0,True,530.0,16,2026-05-28,False,long,True
CALL_27,AGENT_1,9665055833,2026-04-04 17:15:37,2026-04-04 17:25:55,connected,English,CALL_BACK,5000.0,False,618.0,17,2026-04-04,True,long,False
CALL_29,AGENT_10,9107354053,2026-03-25 09:00:29,2026-03-25 09:11:15,connected,Marathi,PTP,5000.0,False,646.0,9,2026-03-25,False,long,False
CALL_30,AGENT_5,9169379374,2026-02-12 09:56:15,2026-02-12 10:02:43,callback_requested,Marathi,CALL_BACK,1000.0,True,388.0,9,2026-02-12,False,long,False
CALL_31,AGENT_5,9123940587,2026-05-10 18:06:56,2026-05-10 18:09:23,connected,Marathi,CALL_BACK,500.0,False,147.0,18,2026-05-10,True,medium,False
CALL_32,AGENT_5,9542678844,2026-03-20 11:45:21,2026-03-20 11:48:59,callback_requested,English,PTP,0.0,False,218.0,11,2026-03-20,False,medium,True
CALL_33,AGENT_5,9173497327,2026-03-02 08:21:49,2026-03-02 08:24:12,callback_requested,Marathi,CALL_BACK,2000.0,True,143.0,8,2026-03-02,False,medium,False
CALL_34,AGENT_1,9896139578,2026-01-03 19:57:09,2026-01-03 20:06:37,dropped,Marathi,CALL_BACK,500.0,False,568.0,19,2026-01-03,True,long,False
CALL_35,AGENT_1,9965212976,2026-02-02 12:23:57,2026-02-02 12:37:42,dropped,Hindi,CALL_BACK,500.0,True,825.0,12,2026-02-02,False,long,False
CALL_36,AGENT_10,9804745462,2026-03-25 16:56:55,2026-03-25 17:04:01,no_answer,Hindi,PTP,500.0,False,426.0,16,2026-03-25,False,long,False
CALL_37,AGENT_7,9861393416,2026-01-06 19:59:21,2026-01-06 20:12:52,no_answer,English,PTP,0.0,False,811.0,19,2026-01-06,False,long,True
CALL_38,AGENT_8,9375442872,2026-01-28 15:14:12,2026-01-28 15:28:18,dropped,Hindi,PTP,0.0,True,846.0,15,2026-01-28,False,long,True
CALL_39,AGENT_5,9377040284,2026-04-11 12:55:04,2026-04-11 13:08:25,callback_requested,Marathi,CALL_BACK,1000.0,True,801.0,12,2026-04-11,True,long,False
CALL_42,AGENT_10,9337064353,2026-03-14 09:42:58,2026-03-14 09:48:46,connected,Marathi,FOLLOW_UP,5000.0,False,348.0,9,2026-03-14,True,long,False
CALL_43,AGENT_3,9205986733,2026-04-11 14:44:18,2026-04-11 14:53:55,callback_requested,Marathi,FOLLOW_UP,500.0,False,577.0,14,2026-04-11,True,long,False
CALL_44,AGENT_7,9843702118,2026-04-18 08:19:18,2026-04-18 08:23:03,dropped,English,FOLLOW_UP,2000.0,True,225.0,8,2026-04-18,True,medium,False
CALL_45,AGENT_3,9707435606,2026-05-16 20:57:50,2026-05-16 21:10:33,connected,English,CALL_BACK,5000.0,False,763.0,20,2026-05-16,True,long,False
CALL_46,AGENT_4,9866040317,2026-01-27 20:15:43,2026-01-27 20:21:10,no_answer,Hindi,PTP,0.0,True,327.0,20,2026-01-27,False,long,True
CALL_47,AGENT_10,9208773243,2026-04-20 20:04:29,2026-04-20 20:11:43,callback_requested,English,FOLLOW_UP,500.0,True,434.0,20,2026-04-20,False,long,False
CALL_49,AGENT_8,9716806128,2026-05-08 09:29:08,2026-05-08 09:42:58,dropped,English,CALL_BACK,5000.0,False,830.0,9,2026-05-08,False,long,False
CALL_51,AGENT_4,9291751878,2026-02-09 15:04:45,2026-02-09 15:09:47,dropped,English,CALL_BACK,0.0,True,302.0,15,2026-02-09,False,long,True
CALL_52,AGENT_4,9068965204,2026-02-08 14:44:09,2026-02-08 14:56:22,callback_requested,English,FOLLOW_UP,5000.0,False,733.0,14,2026-02-08,True,long,False
CALL_53,AGENT_10,9746812123,2026-04-02 11:53:26,2026-04-02 12:00:14,connected,Marathi,FOLLOW_UP,2000.0,True,408.0,11,2026-04-02,False,long,False
CALL_54,AGENT_7,9577909930,2026-03-10 20:24:54,2026-03-10 20:39:19,no_answer,English,PTP,1000.0,False,865.0,20,2026-03-10,False,long,False
CALL_55,AGENT_7,9777583839,2026-04-01 14:21:42,2026-04-01 14:33:27,no_answer,English,PTP,5000.0,True,705.0,14,2026-04-01,False,long,False
CALL_56,AGENT_7,9145706210,2026-04-19 17:42:01,2026-04-19 17:43:36,callback_requested,Hindi,PTP,1000.0,False,95.0,17,2026-04-19,True,medium,False
CALL_57,AGENT_7,9298775766,2026-03-07 15:20:21,2026-03-07 15:33:30,callback_requested,English,PTP,2000.0,True,789.0,15,2026-03-07,True,long,False
CALL_58,AGENT_1,9809851739,2026-05-02 13:14:41,2026-05-02 13:16:01,connected,Hindi,PTP,0.0,True,80.0,13,2026-05-02,True,medium,True
CALL_59,AGENT_4,9499326438,2026-02-05 15:42:07,2026-02-05 15:51:54,dropped,English,PTP,5000.0,True,587.0,15,2026-02-05,False,long,False
CALL_60,AGENT_10,9727296111,2026-02-10 09:37:01,2026-02-10 09:42:30,callback_requested,English,CALL_BACK,500.0,True,329.0,9,2026-02-10,False,long,False
CALL_61,AGENT_5,9912995414,2026-05-23 18:15:06,2026-05-23 18:27:09,connected,Marathi,PTP,1000.0,False,723.0,18,2026-05-23,True,long,False
CALL_62,AGENT_7,9882971099,2026-03-03 16:41:21,2026-03-03 16:41:43,callback_requested,Hindi,FOLLOW_UP,1000.0,False,22.0,16,2026-03-03,False,short,False
CALL_63,AGENT_5,9661330848,2026-02-14 10:46:33,2026-02-14 10:57:49,callback_requested,English,FOLLOW_UP,5000.0,False,676.0,10,2026-02-14,True,long,False
CALL_64,AGENT_5,9946644279,2026-03-28 11:53:59,2026-03-28 11:55:37,callback_requested,Hindi,FOLLOW_UP,5000.0,False,98.0,11,2026-03-28,True,medium,False
CALL_65,AGENT_8,9227761953,2026-03-01 15:54:20,2026-03-01 15:57:36,dropped,English,FOLLOW_UP,1000.0,False,196.0,15,2026-03-01,True,medium,False
CALL_66,AGENT_7,9524606470,2026-05-01 16:12:05,2026-05-01 16:16:22,no_answer,Marathi,FOLLOW_UP,2000.0,False,257.0,16,2026-05-01,False,medium,False
CALL_67,AGENT_4,9328786222,2026-01-03 12:14:25,2026-01-03 12:26:23,dropped,English,CALL_BACK,5000.0,False,718.0,12,2026-01-03,True,long,False
CALL_68,AGENT_8,9290894296,2026-04-24 16:21:22,2026-04-24 16:33:31,dropped,English,PTP,0.0,True,729.0,16,2026-04-24,False,long,True
CALL_69,AGENT_3,9205665554,2026-03-04 19:34:48,2026-03-04 19:46:44,no_answer,Marathi,FOLLOW_UP,1000.0,False,716.0,19,2026-03-04,False,long,False
CALL_72,AGENT_8,9122500131,2026-04-11 10:03:16,2026-04-11 10:18:08,connected,English,FOLLOW_UP,0.0,True,892.0,10,2026-04-11,True,long,True
CALL_73,AGENT_4,9127186396,2026-02-05 20:36:19,2026-02-05 20:37:56,callback_requested,Marathi,CALL_BACK,5000.0,True,97.0,20,2026-02-05,False,medium,False
CALL_75,AGENT_3,9257553274,2026-02-21 11:16:42,2026-02-21 11:18:15,no_answer,Marathi,PTP,500.0,True,93.0,11,2026-02-21,True,medium,False
CALL_76,AGENT_1,9248545713,2026-04-15 19:38:30,2026-04-15 19:43:38,dropped,Marathi,FOLLOW_UP,2000.0,True,308.0,19,2026-04-15,False,long,False
CALL_77,AGENT_4,9456489494,2026-02-09 20:50:40,2026-02-09 21:00:53,connected,Marathi,PTP,500.0,False,613.0,20,2026-02-09,False,long,False
CALL_78,AGENT_10,9804187231,2026-02-03 08:10:50,2026-02-03 08:16:14,dropped,English,PTP,2000.0,False,324.0,8,2026-02-03,False,long,False
CALL_79,AGENT_2,9642136977,2026-04-09 16:34:31,2026-04-09 16:42:09,connected,English,CALL_BACK,1000.0,False,458.0,16,2026-04-09,False,long,False
CALL_81,AGENT_3,9628492896,2026-02-16 16:41:28,2026-02-16 16:46:22,callback_requested,Marathi,FOLLOW_UP,0.0,False,294.0,16,2026-02-16,False,medium,True
CALL_82,AGENT_3,9354123990,2026-03-14 13:20:42,2026-03-14 13:22:39,callback_requested,Marathi,FOLLOW_UP,1000.0,False,117.0,13,2026-03-14,True,medium,False
CALL_83,AGENT_6,9124469868,2026-05-02 15:05:20,2026-05-02 15:09:48,callback_requested,Marathi,PTP,5000.0,False,268.0,15,2026-05-02,True,medium,False
CALL_84,AGENT_8,9671527524,2026-04-02 11:33:23,2026-04-02 11:44:10,callback_requested,Hindi,PTP,1000.0,True,647.0,11,2026-04-02,False,long,False
CALL_85,AGENT_10,9858256589,2026-03-15 19:31:07,2026-03-15 19:31:46,no_answer,Marathi,PTP,1000.0,True,39.0,19,2026-03-15,True,short,False
CALL_87,AGENT_9,9155308128,2026-04-27 15:30:15,2026-04-27 15:38:12,callback_requested,Hindi,CALL_BACK,5000.0,True,477.0,15,2026-04-27,False,long,False
CALL_90,AGENT_1,9341639230,2026-05-13 11:54:49,2026-05-13 12:01:59,callback_requested,Marathi,FOLLOW_UP,2000.0,True,430.0,11,2026-05-13,False,long,False
CALL_91,AGENT_2,9938654765,2026-04-02 10:32:37,2026-04-02 10:38:26,callback_requested,Hindi,CALL_BACK,2000.0,True,349.0,10,2026-04-02,False,long,False
CALL_92,AGENT_5,9363527356,2026-02-14 18:09:04,2026-02-14 18:17:14,callback_requested,Marathi,PTP,1000.0,False,490.0,18,2026-02-14,True,long,False
CALL_93,AGENT_9,9038546365,2026-03-21 19:56:48,2026-03-21 20:05:17,connected,Hindi,CALL_BACK,1000.0,True,509.0,19,2026-03-21,True,long,False
CALL_94,AGENT_2,9476396216,2026-01-14 09:48:40,2026-01-14 10:00:50,no_answer,Marathi,FOLLOW_UP,0.0,True,730.0,9,2026-01-14,False,long,True
CALL_95,AGENT_7,9156304376,2026-03-26 08:18:22,2026-03-26 08:24:55,no_answer,Marathi,FOLLOW_UP,5000.0,True,393.0,8,2026-03-26,False,long,False
CALL_96,AGENT_10,9733510170,2026-02-06 09:39:55,2026-02-06 09:46:36,no_answer,English,CALL_BACK,500.0,True,401.0,9,2026-02-06,False,long,False
CALL_97,AGENT_1,9965195684,2026-04-21 12:29:16,2026-04-21 12:40:48,callback_requested,English,CALL_BACK,5000.0,True,692.0,12,2026-04-21,False,long,False
CALL_99,AGENT_10,9317690559,2026-04-04 11:24:36,2026-04-04 11:30:53,dropped,Hindi,CALL_BACK,2000.0,False,377.0,11,2026-04-04,True,long,False
CALL_100,AGENT_10,9800122509,2026-01-19 18:49:47,2026-01-19 18:50:47,callback_requested,English,PTP,5000.0,False,60.0,18,2026-01-19,False,medium,False
CALL_101,AGENT_3,9674576271,2026-02-21 11:39:16,2026-02-21 11:51:00,connected,Marathi,CALL_BACK,0.0,False,704.0,11,2026-02-21,True,long,True
CALL_102,AGENT_2,9976705430,2026-04-02 17:23:46,2026-04-02 17:26:10,dropped,English,CALL_BACK,2000.0,True,144.0,17,2026-04-02,False,medium,False
CALL_103,AGENT_9,9538798023,2026-02-05 20:34:56,2026-02-05 20:41:20,dropped,Hindi,FOLLOW_UP,2000.0,False,384.0,20,2026-02-05,False,long,False
CALL_104,AGENT_4,9923568933,2026-03-26 09:29:04,2026-03-26 09:31:38,callback_requested,Marathi,FOLLOW_UP,0.0,False,154.0,9,2026-03-26,False,medium,True
CALL_105,AGENT_5,9627666622,2026-01-09 16:07:29,2026-01-09 16:13:56,callback_requested,Marathi,FOLLOW_UP,0.0,True,387.0,16,2026-01-09,False,long,True
CALL_106,AGENT_10,9237691219,2026-04-01 17:56:35,2026-04-01 18:02:20,connected,Marathi,FOLLOW_UP,1000.0,False,345.0,17,2026-04-01,False,long,False
CALL_107,AGENT_2,9104359116,2026-01-05 08:02:19,2026-01-05 08:10:53,no_answer,Marathi,PTP,2000.0,False,514.0,8,2026-01-05,False,long,False
CALL_108,AGENT_10,9797005281,2026-03-22 19:44:34,2026-03-22 19:51:53,no_answer,English,CALL_BACK,0.0,False,439.0,19,2026-03-22,True,long,True
CALL_109,AGENT_4,9476078963,2026-05-14 12:02:44,2026-05-14 12:09:13,callback_requested,Hindi,FOLLOW_UP,0.0,False,389.0,12,2026-05-14,False,long,True
CALL_111,AGENT_10,9220337809,2026-01-26 13:15:08,2026-01-26 13:28:43,connected,Marathi,PTP,5000.0,True,815.0,13,2026-01-26,False,long,False
CALL_112,AGENT_1,9297721596,2026-02-11 20:09:50,2026-02-11 20:20:10,no_answer,Hindi,CALL_BACK,1000.0,True,620.0,20,2026-02-11,False,long,False
CALL_113,AGENT_4,9632276010,2026-01-22 08:08:00,2026-01-22 08:14:16,dropped,Hindi,PTP,1000.0,True,376.0,8,2026-01-22,False,long,False
CALL_115,AGENT_9,9323873102,2026-04-17 11:39:02,2026-04-17 11:51:36,callback_requested,Marathi,PTP,0.0,False,754.0,11,2026-04-17,False,long,True
CALL_116,AGENT_8,9078910051,2026-04-14 18:06:31,2026-04-14 18:18:50,connected,English,CALL_BACK,500.0,True,739.0,18,2026-04-14,False,long,False
CALL_117,AGENT_6,9408992977,2026-02-09 17:40:37,2026-02-09 17:50:08,dropped,English,CALL_BACK,5000.0,False,571.0,17,2026-02-09,False,long,False
CALL_118,AGENT_9,9773995963,2026-01-26 19:07:54,2026-01-26 19:19:14,no_answer,English,FOLLOW_UP,500.0,False,680.0,19,2026-01-26,False,long,False
CALL_119,AGENT_2,9335596237,2026-03-27 15:25:26,2026-03-27 15:38:03,callback_requested,English,CALL_BACK,1000.0,False,757.0,15,2026-03-27,False,long,False
CALL_120,AGENT_2,9100105056,2026-02-22 15:04:05,2026-02-22 15:18:26,callback_requested,Hindi,CALL_BACK,1000.0,True,861.0,15,2026-02-22,True,long,False
CALL_121,AGENT_2,9441102414,2026-05-02 17:35:35,2026-05-02 17:41:22,dropped,Marathi,FOLLOW_UP,0.0,False,347.0,17,2026-05-02,True,long,True
CALL_122,AGENT_4,9166140258,2026-05-10 13:06:36,2026-05-10 13:15:25,callback_requested,Hindi,PTP,1000.0,False,529.0,13,2026-05-10,True,long,False
CALL_123,AGENT_7,9907478447,2026-01-25 12:36:14,2026-01-25 12:50:10,connected,Marathi,CALL_BACK,1000.0,True,836.0,12,2026-01-25,True,long,False
CALL_124,AGENT_6,9006556040,2026-02-09 19:48:19,2026-02-09 19:54:16,no_answer,Hindi,CALL_BACK,2000.0,True,357.0,19,2026-02-09,False,long,False
CALL_125,AGENT_9,9230997172,2026-02-24 18:01:05,2026-02-24 18:13:59,callback_requested,English,FOLLOW_UP,1000.0,True,774.0,18,2026-02-24,False,long,False
CALL_126,AGENT_10,9091221925,2026-03-10 19:20:49,2026-03-10 19:30:40,connected,Hindi,PTP,5000.0,True,591.0,19,2026-03-10,False,long,False
CALL_127,AGENT_10,9474641329,2026-01-09 15:42:27,2026-01-09 15:50:54,callback_requested,English,PTP,5000.0,True,507.0,15,2026-01-09,False,long,False
CALL_129,AGENT_5,9310791488,2026-01-07 12:13:49,2026-01-07 12:16:19,dropped,Hindi,PTP,2000.0,False,150.0,12,2026-01-07,False,medium,False
CALL_130,AGENT_9,9599924859,2026-02-05 14:34:45,2026-02-05 14:38:50,dropped,Hindi,FOLLOW_UP,0.0,False,245.0,14,2026-02-05,False,medium,True
CALL_131,AGENT_7,9615683222,2026-01-15 09:55:20,2026-01-15 10:05:19,callback_requested,Marathi,CALL_BACK,2000.0,False,599.0,9,2026-01-15,False,long,False
CALL_133,AGENT_5,9800801837,2026-04-19 14:33:05,2026-04-19 14:40:00,dropped,Hindi,FOLLOW_UP,500.0,True,415.0,14,2026-04-19,True,long,False
CALL_135,AGENT_2,9190209201,2026-02-06 17:09:48,2026-02-06 17:22:55,callback_requested,English,CALL_BACK,5000.0,False,787.0,17,2026-02-06,False,long,False
CALL_136,AGENT_6,9162089272,2026-05-21 18:39:20,2026-05-21 18:54:14,callback_requested,Hindi,FOLLOW_UP,2000.0,False,894.0,18,2026-05-21,False,long,False
CALL_137,AGENT_5,9495792218,2026-03-19 08:22:32,2026-03-19 08:23:57,callback_requested,Hindi,PTP,1000.0,False,85.0,8,2026-03-19,False,medium,False
CALL_138,AGENT_7,9496832859,2026-01-21 09:39:38,2026-01-21 09:48:27,connected,English,CALL_BACK,500.0,False,529.0,9,2026-01-21,False,long,False
CALL_140,AGENT_9,9654773573,2026-01-08 19:28:28,2026-01-08 19:37:34,no_answer,English,FOLLOW_UP,1000.0,False,546.0,19,2026-01-08,False,long,False
CALL_141,AGENT_6,9070772317,2026-04-25 13:43:38,2026-04-25 13:44:41,dropped,Hindi,CALL_BACK,2000.0,False,63.0,13,2026-04-25,True,medium,False
CALL_142,AGENT_6,9087512088,2026-03-24 18:58:38,2026-03-24 19:01:21,no_answer,English,FOLLOW_UP,2000.0,True,163.0,18,2026-03-24,False,medium,False
CALL_143,AGENT_6,9873150512,2026-05-23 09:19:35,2026-05-23 09:26:10,no_answer,Marathi,CALL_BACK,5000.0,True,395.0,9,2026-05-23,True,long,False
CALL_144,AGENT_3,9229987621,2026-04-17 13:01:23,2026-04-17 13:06:49,dropped,English,PTP,500.0,True,326.0,13,2026-04-17,False,long,False
CALL_145,AGENT_9,9827720428,2026-02-03 12:54:50,2026-02-03 12:56:43,connected,Marathi,FOLLOW_UP,5000.0,True,113.0,12,2026-02-03,False,medium,False
CALL_147,AGENT_5,9807873857,2026-03-22 19:15:28,2026-03-22 19:26:03,callback_requested,Hindi,CALL_BACK,500.0,False,635.0,19,2026-03-22,True,long,False
CALL_148,AGENT_8,9495725097,2026-04-27 11:23:43,2026-04-27 11:33:37,dropped,English,CALL_BACK,5000.0,False,594.0,11,2026-04-27,False,long,False
CALL_149,AGENT_5,9056027635,2026-02-27 11:51:38,2026-02-27 11:54:09,callback_requested,English,CALL_BACK,0.0,True,151.0,11,2026-02-27,False,medium,True
CALL_150,AGENT_9,9158214411,2026-03-03 20:10:17,2026-03-03 20:18:07,callback_requested,Hindi,PTP,2000.0,False,470.0,20,2026-03-03,False,long,False
CALL_151,AGENT_4,9414642708,2026-01-14 08:25:32,2026-01-14 08:32:04,connected,English,PTP,0.0,False,392.0,8,2026-01-14,False,long,True
CALL_152,AGENT_3,9147746438,2026-01-27 19:41:21,2026-01-27 19:55:01,connected,English,FOLLOW_UP,500.0,False,820.0,19,2026-01-27,False,long,False
CALL_153,AGENT_5,9231557515,2026-04-20 08:57:05,2026-04-20 08:57:34,no_answer,Marathi,CALL_BACK,5000.0,False,29.0,8,2026-04-20,False,short,False
CALL_154,AGENT_1,9256022467,2026-01-25 12:15:19,2026-01-25 12:17:33,callback_requested,Marathi,CALL_BACK,2000.0,True,134.0,12,2026-01-25,True,medium,False
CALL_155,AGENT_9,9617452511,2026-01-27 15:38:34,2026-01-27 15:39:00,no_answer,Marathi,PTP,1000.0,False,26.0,15,2026-01-27,False,short,False
CALL_156,AGENT_3,9713363254,2026-01-20 13:15:36,2026-01-20 13:22:52,connected,Marathi,FOLLOW_UP,0.0,True,436.0,13,2026-01-20,False,long,True
CALL_157,AGENT_6,9272354893,2026-04-28 15:02:40,2026-04-28 15:09:26,connected,English,PTP,1000.0,True,406.0,15,2026-04-28,False,long,False
CALL_158,AGENT_3,9047605080,2026-01-25 17:47:48,2026-01-25 17:53:38,dropped,Marathi,FOLLOW_UP,500.0,False,350.0,17,2026-01-25,True,long,False
CALL_159,AGENT_8,9039711044,2026-04-21 10:51:08,2026-04-21 10:52:22,dropped,Hindi,PTP,500.0,True,74.0,10,2026-04-21,False,medium,False
CALL_160,AGENT_8,9271993587,2026-03-10 16:25:52,2026-03-10 16:35:18,connected,Marathi,PTP,1000.0,False,566.0,16,2026-03-10,False,long,False
CALL_161,AGENT_6,9469172971,2026-01-28 18:21:17,2026-01-28 18:23:34,callback_requested,Marathi,FOLLOW_UP,2000.0,False,137.0,18,2026-01-28,False,medium,False
CALL_162,AGENT_9,9286389162,2026-02-16 19:31:23,2026-02-16 19:45:09,connected,Marathi,FOLLOW_UP,0.0,False,826.0,19,2026-02-16,False,long,True
CALL_163,AGENT_2,9085973340,2026-05-27 10:34:18,2026-05-27 10:39:56,dropped,Marathi,FOLLOW_UP,1000.0,False,338.0,10,2026-05-27,False,long,False
CALL_165,AGENT_7,9390102359,2026-03-21 20:03:04,2026-03-21 20:14:41,no_answer,Hindi,PTP,5000.0,False,697.0,20,2026-03-21,True,long,False
CALL_166,AGENT_6,9388856231,2026-01-05 09:15:49,2026-01-05 09:26:59,callback_requested,Marathi,PTP,5000.0,True,670.0,9,2026-01-05,False,long,False
CALL_167,AGENT_10,9147848992,2026-04-12 13:28:48,2026-04-12 13:30:16,dropped,English,FOLLOW_UP,1000.0,True,88.0,13,2026-04-12,True,medium,False
CALL_169,AGENT_2,9145737277,2026-05-10 19:58:31,2026-05-10 20:02:05,connected,English,PTP,2000.0,True,214.0,19,2026-05-10,True,medium,False
CALL_170,AGENT_9,9311774120,2026-03-22 13:45:04,2026-03-22 13:54:37,dropped,Hindi,CALL_BACK,500.0,False,573.0,13,2026-03-22,True,long,False
CALL_171,AGENT_4,9848656610,2026-05-08 09:12:50,2026-05-08 09:15:22,callback_requested,Hindi,FOLLOW_UP,5000.0,False,152.0,9,2026-05-08,False,medium,False
CALL_172,AGENT_2,9332098383,2026-04-26 16:08:39,2026-04-26 16:10:17,callback_requested,Marathi,CALL_BACK,2000.0,False,98.0,16,2026-04-26,True,medium,False
CALL_173,AGENT_2,9483156434,2026-04-27 17:04:08,2026-04-27 17:09:42,callback_requested,Marathi,CALL_BACK,1000.0,True,334.0,17,2026-04-27,False,long,False
CALL_174,AGENT_7,9539945876,2026-05-21 17:11:49,2026-05-21 17:14:11,connected,Hindi,CALL_BACK,500.0,False,142.0,17,2026-05-21,False,medium,False
CALL_175,AGENT_6,9557162259,2026-02-06 13:59:45,2026-02-06 14:03:45,dropped,Hindi,FOLLOW_UP,500.0,False,240.0,13,2026-02-06,False,medium,False
CALL_176,AGENT_9,9688255012,2026-02-21 12:39:34,2026-02-21 12:41:19,no_answer,Marathi,CALL_BACK,500.0,True,105.0,12,2026-02-21,True,medium,False
CALL_177,AGENT_1,9886090690,2026-05-24 17:21:53,2026-05-24 17:31:40,connected,Hindi,PTP,5000.0,False,587.0,17,2026-05-24,True,long,False
CALL_178,AGENT_1,9534764290,2026-02-25 17:26:39,2026-02-25 17:37:43,dropped,Marathi,FOLLOW_UP,2000.0,True,664.0,17,2026-02-25,False,long,False
CALL_180,AGENT_6,9428118701,2026-05-05 13:55:45,2026-05-05 14:01:21,no_answer,English,CALL_BACK,5000.0,True,336.0,13,2026-05-05,False,long,False
CALL_181,AGENT_4,9151266214,2026-03-08 15:07:17,2026-03-08 15:15:07,connected,Hindi,FOLLOW_UP,2000.0,False,470.0,15,2026-03-08,True,long,False
CALL_182,AGENT_6,9203832812,2026-02-28 10:52:20,2026-02-28 11:02:21,no_answer,English,CALL_BACK,2000.0,False,601.0,10,2026-02-28,True,long,False
CALL_186,AGENT_10,9730572478,2026-04-17 15:48:35,2026-04-17 15:53:31,connected,Hindi,PTP,2000.0,False,296.0,15,2026-04-17,False,medium,False
CALL_187,AGENT_10,9546666136,2026-03-18 13:48:09,2026-03-18 13:51:42,callback_requested,Marathi,PTP,0.0,True,213.0,13,2026-03-18,False,medium,True
CALL_189,AGENT_6,9544725317,2026-04-20 19:53:19,2026-04-20 20:03:36,callback_requested,Marathi,CALL_BACK,1000.0,False,617.0,19,2026-04-20,False,long,False
CALL_190,AGENT_10,9330366556,2026-01-12 13:43:07,2026-01-12 13:50:23,connected,Marathi,FOLLOW_UP,1000.0,True,436.0,13,2026-01-12,False,long,False
CALL_191,AGENT_10,9831726993,2026-01-19 15:10:33,2026-01-19 15:21:27,callback_requested,Hindi,CALL_BACK,500.0,True,654.0,15,2026-01-19,False,long,False
CALL_192,AGENT_6,9449661921,2026-05-23 09:12:01,2026-05-23 09:19:42,no_answer,English,CALL_BACK,500.0,False,461.0,9,2026-05-23,True,long,False
CALL_193,AGENT_1,9757820386,2026-05-25 17:58:30,2026-05-25 18:13:08,no_answer,Marathi,PTP,5000.0,False,878.0,17,2026-05-25,False,long,False
CALL_194,AGENT_9,9367570835,2026-04-17 14:20:11,2026-04-17 14:28:11,dropped,Marathi,CALL_BACK,1000.0,False,480.0,14,2026-04-17,False,long,False
CALL_195,AGENT_5,9828042067,2026-02-08 12:35:19,2026-02-08 12:39:19,dropped,Marathi,PTP,2000.0,False,240.0,12,2026-02-08,True,medium,False
CALL_196,AGENT_5,9309011489,2026-04-12 16:59:59,2026-04-12 17:13:43,connected,Marathi,CALL_BACK,5000.0,False,824.0,16,2026-04-12,True,long,False
CALL_197,AGENT_5,9045168545,2026-04-27 13:49:51,2026-04-27 13:52:30,dropped,Marathi,PTP,1000.0,False,159.0,13,2026-04-27,False,medium,False
CALL_198,AGENT_9,9291126537,2026-03-24 15:13:12,2026-03-24 15:27:29,dropped,Hindi,PTP,5000.0,True,857.0,15,2026-03-24,False,long,False
CALL_199,AGENT_4,9056361897,2026-02-02 18:57:33,2026-02-02 19:01:34,connected,English,FOLLOW_UP,2000.0,True,241.0,18,2026-02-02,False,medium,False
CALL_200,AGENT_8,9512656440,2026-02-01 16:59:10,2026-02-01 17:06:16,no_answer,English,FOLLOW_UP,1000.0,True,426.0,16,2026-02-01,True,long,False
CALL_202,AGENT_1,9009950544,2026-04-06 19:55:59,2026-04-06 20:01:05,dropped,Marathi,CALL_BACK,0.0,False,306.0,19,2026-04-06,False,long,True
CALL_204,AGENT_3,9015122787,2026-02-24 15:41:16,2026-02-24 15:53:41,dropped,English,CALL_BACK,500.0,True,745.0,15,2026-02-24,False,long,False
CALL_206,AGENT_5,9411859868,2026-02-16 13:59:15,2026-02-16 13:59:31,no_answer,English,FOLLOW_UP,1000.0,False,16.0,13,2026-02-16,False,short,False
CALL_207,AGENT_6,9743854609,2026-05-24 17:00:16,2026-05-24 17:11:35,no_answer,Hindi,CALL_BACK,0.0,False,679.0,17,2026-05-24,True,long,True
CALL_208,AGENT_5,9741193655,2026-03-06 14:43:32,2026-03-06 14:55:42,connected,Marathi,FOLLOW_UP,1000.0,True,730.0,14,2026-03-06,False,long,False
CALL_209,AGENT_10,9401176618,2026-02-05 15:09:29,2026-02-05 15:22:24,callback_requested,Marathi,CALL_BACK,2000.0,True,775.0,15,2026-02-05,False,long,False
CALL_210,AGENT_2,9564258474,2026-02-22 20:38:55,2026-02-22 20:52:31,callback_requested,Marathi,CALL_BACK,1000.0,True,816.0,20,2026-02-22,True,long,False
CALL_211,AGENT_4,9614933740,2026-05-04 08:53:35,2026-05-04 09:02:22,no_answer,Hindi,FOLLOW_UP,5000.0,False,527.0,8,2026-05-04,False,long,False
CALL_215,AGENT_7,9402074351,2026-04-06 20:08:49,2026-04-06 20:19:55,callback_requested,English,FOLLOW_UP,2000.0,True,666.0,20,2026-04-06,False,long,False
CALL_216,AGENT_3,9576876906,2026-05-05 18:55:22,2026-05-05 18:57:33,callback_requested,Marathi,PTP,500.0,True,131.0,18,2026-05-05,False,medium,False
CALL_217,AGENT_7,9571159367,2026-01-10 15:43:46,2026-01-10 15:53:13,callback_requested,Hindi,PTP,2000.0,False,567.0,15,2026-01-10,True,long,False
CALL_218,AGENT_2,9034593072,2026-02-09 11:59:56,2026-02-09 12:12:28,callback_requested,Marathi,PTP,500.0,True,752.0,11,2026-02-09,False,long,False
CALL_219,AGENT_1,9262781292,2026-01-04 17:02:28,2026-01-04 17:12:50,connected,English,FOLLOW_UP,500.0,True,622.0,17,2026-01-04,True,long,False
CALL_220,AGENT_10,9342420233,2026-01-05 16:18:14,2026-01-05 16:32:19,dropped,Hindi,FOLLOW_UP,500.0,True,845.0,16,2026-01-05,False,long,False
CALL_221,AGENT_3,9672155012,2026-04-10 12:03:35,2026-04-10 12:13:50,callback_requested,Marathi,FOLLOW_UP,0.0,False,615.0,12,2026-04-10,False,long,True
CALL_222,AGENT_7,9160221190,2026-04-26 16:20:44,2026-04-26 16:28:00,dropped,English,PTP,5000.0,False,436.0,16,2026-04-26,True,long,False
CALL_223,AGENT_3,9865195567,2026-02-28 11:19:54,2026-02-28 11:32:08,callback_requested,Hindi,CALL_BACK,2000.0,False,734.0,11,2026-02-28,True,long,False
CALL_224,AGENT_4,9354617185,2026-05-17 10:24:15,2026-05-17 10:28:46,connected,English,FOLLOW_UP,0.0,True,271.0,10,2026-05-17,True,medium,True
CALL_225,AGENT_1,9938042824,2026-01-09 14:43:38,2026-01-09 14:54:05,connected,Hindi,CALL_BACK,5000.0,True,627.0,14,2026-01-09,False,long,False
CALL_226,AGENT_4,9204036387,2026-04-07 13:19:58,2026-04-07 13:20:23,connected,Marathi,FOLLOW_UP,500.0,True,25.0,13,2026-04-07,False,short,False
CALL_229,AGENT_5,9594113766,2026-05-28 11:47:09,2026-05-28 11:47:35,callback_requested,English,PTP,500.0,False,26.0,11,2026-05-28,False,short,False
CALL_231,AGENT_9,9524325659,2026-02-24 20:22:10,2026-02-24 20:24:43,no_answer,Marathi,CALL_BACK,0.0,True,153.0,20,2026-02-24,False,medium,True
CALL_232,AGENT_7,9147630403,2026-01-27 18:03:48,2026-01-27 18:04:04,no_answer,Hindi,CALL_BACK,500.0,True,16.0,18,2026-01-27,False,short,False
CALL_233,AGENT_10,9980059410,2026-02-17 15:23:03,2026-02-17 15:33:45,callback_requested,Marathi,FOLLOW_UP,0.0,True,642.0,15,2026-02-17,False,long,True
CALL_234,AGENT_5,9575244407,2026-05-18 14:00:01,2026-05-18 14:09:13,dropped,Hindi,CALL_BACK,2000.0,True,552.0,14,2026-05-18,False,long,False
CALL_235,AGENT_10,9565277813,2026-01-04 16:09:15,2026-01-04 16:12:41,dropped,English,FOLLOW_UP,2000.0,True,206.0,16,2026-01-04,True,medium,False
CALL_236,AGENT_4,9322095317,2026-03-13 15:36:15,2026-03-13 15:48:18,connected,Marathi,CALL_BACK,0.0,True,723.0,15,2026-03-13,False,long,True
CALL_237,AGENT_1,9754674236,2026-04-13 14:35:30,2026-04-13 14:36:37,no_answer,Hindi,FOLLOW_UP,2000.0,False,67.0,14,2026-04-13,False,medium,False
CALL_238,AGENT_4,9227007332,2026-05-28 09:57:33,2026-05-28 09:58:26,callback_requested,English,PTP,0.0,False,53.0,9,2026-05-28,False,short,True
CALL_239,AGENT_6,9016812751,2026-05-19 18:02:11,2026-05-19 18:16:51,no_answer,Marathi,PTP,2000.0,True,880.0,18,2026-05-19,False,long,False
CALL_240,AGENT_7,9726960759,2026-03-06 17:15:36,2026-03-06 17:30:00,dropped,English,CALL_BACK,500.0,True,864.0,17,2026-03-06,False,long,False
CALL_241,AGENT_4,9900520057,2026-05-24 13:03:06,2026-05-24 13:10:43,connected,English,CALL_BACK,5000.0,False,457.0,13,2026-05-24,True,long,False
CALL_242,AGENT_8,9244961731,2026-03-01 18:17:50,2026-03-01 18:25:41,dropped,Marathi,FOLLOW_UP,2000.0,True,471.0,18,2026-03-01,True,long,False
CALL_243,AGENT_5,9856905222,2026-05-22 14:05:49,2026-05-22 14:16:32,no_answer,Marathi,PTP,0.0,False,643.0,14,2026-05-22,False,long,True
CALL_244,AGENT_7,9340030663,2026-02-13 19:50:40,2026-02-13 19:53:27,dropped,Hindi,PTP,0.0,False,167.0,19,2026-02-13,False,medium,True
CALL_245,AGENT_2,9201210399,2026-04-12 20:17:06,2026-04-12 20:19:31,callback_requested,English,CALL_BACK,5000.0,False,145.0,20,2026-04-12,True,medium,False
CALL_246,AGENT_10,9642144634,2026-01-01 09:22:35,2026-01-01 09:24:20,dropped,English,PTP,1000.0,False,105.0,9,2026-01-01,False,medium,False
CALL_247,AGENT_4,9614137833,2026-04-25 09:46:57,2026-04-25 09:56:39,no_answer,Marathi,FOLLOW_UP,500.0,True,582.0,9,2026-04-25,True,long,False
CALL_248,AGENT_3,9466730092,2026-03-10 12:31:09,2026-03-10 12:32:23,dropped,English,FOLLOW_UP,2000.0,True,74.0,12,2026-03-10,False,medium,False
CALL_250,AGENT_6,9472685761,2026-01-13 13:53:39,2026-01-13 14:00:18,dropped,English,CALL_BACK,5000.0,True,399.0,13,2026-01-13,False,long,False
CALL_251,AGENT_6,9190736564,2026-03-11 17:44:12,2026-03-11 17:52:32,callback_requested,English,FOLLOW_UP,2000.0,True,500.0,17,2026-03-11,False,long,False
CALL_252,AGENT_6,9122286118,2026-03-13 12:52:50,2026-03-13 12:59:42,no_answer,Marathi,CALL_BACK,500.0,True,412.0,12,2026-03-13,False,long,False
CALL_254,AGENT_7,9079419456,2026-02-09 18:09:45,2026-02-09 18:17:08,callback_requested,Marathi,FOLLOW_UP,5000.0,False,443.0,18,2026-02-09,False,long,False
CALL_255,AGENT_6,9753374076,2026-05-17 19:26:34,2026-05-17 19:27:21,connected,Hindi,PTP,1000.0,True,47.0,19,2026-05-17,True,short,False
CALL_256,AGENT_7,9808186980,2026-05-02 17:41:43,2026-05-02 17:52:55,dropped,English,PTP,0.0,True,672.0,17,2026-05-02,True,long,True
CALL_257,AGENT_10,9738374035,2026-03-08 16:47:33,2026-03-08 16:57:14,no_answer,English,FOLLOW_UP,2000.0,False,581.0,16,2026-03-08,True,long,False
CALL_258,AGENT_8,9112259020,2026-05-23 16:09:22,2026-05-23 16:09:57,dropped,English,PTP,0.0,True,35.0,16,2026-05-23,True,short,True
CALL_260,AGENT_2,9024250578,2026-03-03 12:02:51,2026-03-03 12:15:08,dropped,Marathi,PTP,500.0,True,737.0,12,2026-03-03,False,long,False
CALL_261,AGENT_7,9496126873,2026-05-06 16:10:21,2026-05-06 16:20:04,no_answer,English,CALL_BACK,500.0,True,583.0,16,2026-05-06,False,long,False
CALL_263,AGENT_10,9109255425,2026-03-25 19:51:50,2026-03-25 19:53:04,no_answer,English,FOLLOW_UP,500.0,False,74.0,19,2026-03-25,False,medium,False
CALL_264,AGENT_6,9640992546,2026-01-09 18:55:31,2026-01-09 19:04:41,callback_requested,Marathi,FOLLOW_UP,5000.0,True,550.0,18,2026-01-09,False,long,False
CALL_265,AGENT_5,9986427907,2026-03-12 15:39:11,2026-03-12 15:53:14,connected,Marathi,PTP,1000.0,True,843.0,15,2026-03-12,False,long,False
CALL_266,AGENT_3,9548494024,2026-02-10 09:11:23,2026-02-10 09:23:23,callback_requested,English,CALL_BACK,500.0,False,720.0,9,2026-02-10,False,long,False
CALL_267,AGENT_3,9595832844,2026-04-06 15:40:34,2026-04-06 15:52:34,no_answer,English,FOLLOW_UP,500.0,True,720.0,15,2026-04-06,False,long,False
CALL_268,AGENT_6,9010290140,2026-03-27 15:39:03,2026-03-27 15:53:59,callback_requested,Hindi,PTP,2000.0,False,896.0,15,2026-03-27,False,long,False
CALL_271,AGENT_6,9582014641,2026-05-04 12:49:34,2026-05-04 13:03:47,connected,Marathi,FOLLOW_UP,5000.0,True,853.0,12,2026-05-04,False,long,False
CALL_272,AGENT_4,9319662531,2026-04-04 19:53:41,2026-04-04 20:06:40,connected,English,FOLLOW_UP,1000.0,True,779.0,19,2026-04-04,True,long,False
CALL_275,AGENT_9,9966534376,2026-03-23 12:18:36,2026-03-23 12:23:19,connected,Hindi,FOLLOW_UP,0.0,False,283.0,12,2026-03-23,False,medium,True
CALL_276,AGENT_6,9889575564,2026-02-23 10:15:09,2026-02-23 10:27:27,no_answer,Marathi,FOLLOW_UP,2000.0,True,738.0,10,2026-02-23,False,long,False
CALL_277,AGENT_8,9081084980,2026-05-21 12:40:26,2026-05-21 12:47:00,connected,English,CALL_BACK,1000.0,False,394.0,12,2026-05-21,False,long,False
CALL_278,AGENT_2,9784832186,2026-04-16 13:37:00,2026-04-16 13:51:59,callback_requested,Marathi,CALL_BACK,1000.0,True,899.0,13,2026-04-16,False,long,False
CALL_279,AGENT_8,9288339233,2026-05-13 11:27:52,2026-05-13 11:31:38,dropped,English,FOLLOW_UP,5000.0,True,226.0,11,2026-05-13,False,medium,False
CALL_280,AGENT_1,9049330844,2026-05-28 15:50:21,2026-05-28 16:02:09,connected,Marathi,FOLLOW_UP,0.0,True,708.0,15,2026-05-28,False,long,True
CALL_281,AGENT_3,9947198944,2026-02-15 15:00:27,2026-02-15 15:04:04,dropped,Hindi,FOLLOW_UP,0.0,False,217.0,15,2026-02-15,True,medium,True
CALL_283,AGENT_2,9142485313,2026-01-23 09:00:13,2026-01-23 09:08:31,no_answer,Marathi,CALL_BACK,2000.0,True,498.0,9,2026-01-23,False,long,False
CALL_284,AGENT_7,9745210115,2026-01-23 13:52:07,2026-01-23 14:06:57,no_answer,English,PTP,500.0,False,890.0,13,2026-01-23,False,long,False
CALL_285,AGENT_6,9945954731,2026-01-24 20:06:06,2026-01-24 20:11:36,dropped,Hindi,FOLLOW_UP,500.0,True,330.0,20,2026-01-24,True,long,False
CALL_287,AGENT_2,9150337960,2026-05-22 15:55:13,2026-05-22 15:56:51,connected,Marathi,CALL_BACK,2000.0,False,98.0,15,2026-05-22,False,medium,False
CALL_288,AGENT_2,9266467312,2026-04-11 20:08:15,2026-04-11 20:13:08,dropped,Marathi,PTP,1000.0,True,293.0,20,2026-04-11,True,medium,False
CALL_291,AGENT_2,9017920106,2026-03-18 18:11:48,2026-03-18 18:20:00,connected,Hindi,FOLLOW_UP,500.0,True,492.0,18,2026-03-18,False,long,False
CALL_294,AGENT_2,9333041955,2026-05-21 20:53:41,2026-05-21 21:05:28,callback_requested,Marathi,PTP,0.0,True,707.0,20,2026-05-21,False,long,True
CALL_295,AGENT_1,9332097676,2026-01-14 09:29:39,2026-01-14 09:40:12,no_answer,Hindi,PTP,500.0,True,633.0,9,2026-01-14,False,long,False
CALL_296,AGENT_5,9179275105,2026-02-16 13:33:33,2026-02-16 13:47:04,dropped,Hindi,CALL_BACK,1000.0,True,811.0,13,2026-02-16,False,long,False
CALL_297,AGENT_2,9282340033,2026-01-11 20:27:17,2026-01-11 20:36:23,connected,English,FOLLOW_UP,5000.0,False,546.0,20,2026-01-11,True,long,False
CALL_298,AGENT_5,9830355646,2026-01-16 17:10:23,2026-01-16 17:13:14,connected,Marathi,CALL_BACK,0.0,True,171.0,17,2026-01-16,False,medium,True
CALL_299,AGENT_4,9049372289,2026-05-01 08:54:55,2026-05-01 08:55:17,callback_requested,English,FOLLOW_UP,500.0,True,22.0,8,2026-05-01,False,short,False
CALL_300,AGENT_7,9241071485,2026-01-18 20:58:45,2026-01-18 21:11:33,dropped,Hindi,FOLLOW_UP,1000.0,False,768.0,20,2026-01-18,True,long,False
CALL_301,AGENT_1,9192569534,2026-01-19 13:07:32,2026-01-19 13:19:11,no_answer,Marathi,PTP,2000.0,True,699.0,13,2026-01-19,False,long,False
CALL_302,AGENT_6,9092755745,2026-04-28 12:49:54,2026-04-28 12:55:22,callback_requested,Hindi,FOLLOW_UP,500.0,False,328.0,12,2026-04-28,False,long,False
CALL_303,AGENT_8,9395430792,2026-05-26 12:47:39,2026-05-26 12:51:57,callback_requested,Hindi,CALL_BACK,5000.0,True,258.0,12,2026-05-26,False,medium,False
CALL_304,AGENT_6,9682837348,2026-02-01 14:01:14,2026-02-01 14:10:38,connected,English,PTP,2000.0,False,564.0,14,2026-02-01,True,long,False
CALL_306,AGENT_9,9143359401,2026-03-15 19:05:37,2026-03-15 19:07:24,callback_requested,Hindi,CALL_BACK,5000.0,True,107.0,19,2026-03-15,True,medium,False
CALL_307,AGENT_6,9994329973,2026-04-22 10:15:18,2026-04-22 10:19:55,callback_requested,Marathi,CALL_BACK,1000.0,False,277.0,10,2026-04-22,False,medium,False
CALL_308,AGENT_10,9117008688,2026-04-09 11:04:12,2026-04-09 11:06:41,no_answer,Hindi,PTP,2000.0,False,149.0,11,2026-04-09,False,medium,False
CALL_309,AGENT_4,9485242269,2026-03-14 09:34:22,2026-03-14 09:47:40,dropped,English,FOLLOW_UP,0.0,True,798.0,9,2026-03-14,True,long,True
CALL_310,AGENT_10,9043303806,2026-02-26 18:19:52,2026-02-26 18:32:03,no_answer,English,PTP,0.0,True,731.0,18,2026-02-26,False,long,True
CALL_311,AGENT_5,9880564513,2026-03-13 16:03:43,2026-03-13 16:08:59,no_answer,Hindi,FOLLOW_UP,2000.0,True,316.0,16,2026-03-13,False,long,False
CALL_313,AGENT_10,9277906552,2026-03-22 18:41:05,2026-03-22 18:51:11,connected,Hindi,PTP,500.0,False,606.0,18,2026-03-22,True,long,False
CALL_314,AGENT_8,9054371817,2026-02-03 20:21:07,2026-02-03 20:22:00,no_answer,Marathi,FOLLOW_UP,2000.0,False,53.0,20,2026-02-03,False,short,False
CALL_315,AGENT_4,9975284228,2026-01-13 18:27:11,2026-01-13 18:33:23,no_answer,English,FOLLOW_UP,2000.0,True,372.0,18,2026-01-13,False,long,False
CALL_316,AGENT_5,9535680789,2026-01-20 17:39:15,2026-01-20 17:50:27,callback_requested,Marathi,FOLLOW_UP,0.0,True,672.0,17,2026-01-20,False,long,True
CALL_317,AGENT_9,9267520363,2026-03-13 10:26:12,2026-03-13 10:37:20,connected,English,CALL_BACK,1000.0,False,668.0,10,2026-03-13,False,long,False
CALL_318,AGENT_9,9345320116,2026-05-26 15:22:58,2026-05-26 15:32:47,callback_requested,English,PTP,0.0,False,589.0,15,2026-05-26,False,long,True
CALL_319,AGENT_5,9062911855,2026-05-08 08:57:51,2026-05-08 09:11:18,callback_requested,Marathi,FOLLOW_UP,5000.0,True,807.0,8,2026-05-08,False,long,False
CALL_320,AGENT_9,9876479512,2026-02-04 11:42:15,2026-02-04 11:46:57,connected,Hindi,CALL_BACK,2000.0,False,282.0,11,2026-02-04,False,medium,False
CALL_321,AGENT_6,9981378552,2026-02-06 11:37:20,2026-02-06 11:51:15,connected,Marathi,CALL_BACK,1000.0,True,835.0,11,2026-02-06,False,long,False
CALL_322,AGENT_5,9188502642,2026-05-07 20:56:31,2026-05-07 21:05:56,callback_requested,Hindi,PTP,0.0,True,565.0,20,2026-05-07,False,long,True
CALL_323,AGENT_6,9985583524,2026-05-08 08:33:30,2026-05-08 08:33:40,no_answer,Hindi,FOLLOW_UP,500.0,False,10.0,8,2026-05-08,False,short,False
CALL_324,AGENT_2,9908901933,2026-01-01 10:37:45,2026-01-01 10:40:20,dropped,Hindi,FOLLOW_UP,2000.0,True,155.0,10,2026-01-01,False,medium,False
CALL_326,AGENT_5,9788121101,2026-02-22 17:52:11,2026-02-22 17:58:48,dropped,Hindi,PTP,0.0,False,397.0,17,2026-02-22,True,long,True
CALL_327,AGENT_10,9237184468,2026-05-02 10:38:20,2026-05-02 10:52:18,connected,English,PTP,1000.0,True,838.0,10,2026-05-02,True,long,False
CALL_328,AGENT_6,9479565240,2026-02-12 13:10:40,2026-02-12 13:12:20,connected,English,PTP,500.0,True,100.0,13,2026-02-12,False,medium,False
CALL_329,AGENT_1,9414396801,2026-03-09 20:06:46,2026-03-09 20:06:57,callback_requested,Marathi,FOLLOW_UP,500.0,False,11.0,20,2026-03-09,False,short,False
CALL_330,AGENT_8,9846892378,2026-04-13 13:34:24,2026-04-13 13:36:17,no_answer,Hindi,FOLLOW_UP,0.0,True,113.0,13,2026-04-13,False,medium,True
CALL_331,AGENT_6,9182649071,2026-03-01 13:16:06,2026-03-01 13:17:31,callback_requested,Hindi,CALL_BACK,0.0,True,85.0,13,2026-03-01,True,medium,True
CALL_332,AGENT_1,9463129902,2026-03-20 17:57:30,2026-03-20 18:09:41,no_answer,Marathi,FOLLOW_UP,500.0,True,731.0,17,2026-03-20,False,long,False
CALL_333,AGENT_9,9775282507,2026-01-11 11:12:26,2026-01-11 11:24:29,dropped,Marathi,FOLLOW_UP,1000.0,True,723.0,11,2026-01-11,True,long,False
CALL_334,AGENT_8,9164915937,2026-01-02 14:36:35,2026-01-02 14:51:05,connected,English,PTP,2000.0,True,870.0,14,2026-01-02,False,long,False
CALL_335,AGENT_4,9104138894,2026-03-27 18:40:38,2026-03-27 18:48:59,connected,Hindi,PTP,1000.0,True,501.0,18,2026-03-27,False,long,False
CALL_336,AGENT_8,9525163699,2026-04-28 09:19:50,2026-04-28 09:26:47,dropped,Hindi,CALL_BACK,5000.0,False,417.0,9,2026-04-28,False,long,False
CALL_338,AGENT_2,9092027526,2026-05-02 10:48:44,2026-05-02 11:00:17,dropped,Marathi,FOLLOW_UP,5000.0,True,693.0,10,2026-05-02,True,long,False
CALL_339,AGENT_9,9737733572,2026-05-02 14:52:33,2026-05-02 14:59:51,callback_requested,Marathi,PTP,2000.0,False,438.0,14,2026-05-02,True,long,False
CALL_340,AGENT_9,9859477004,2026-01-13 19:02:32,2026-01-13 19:12:26,no_answer,Hindi,FOLLOW_UP,500.0,True,594.0,19,2026-01-13,False,long,False
CALL_341,AGENT_2,9733500385,2026-02-26 11:08:02,2026-02-26 11:15:25,callback_requested,Hindi,CALL_BACK,500.0,False,443.0,11,2026-02-26,False,long,False
CALL_342,AGENT_9,9426656677,2026-03-24 20:04:05,2026-03-24 20:10:52,dropped,English,CALL_BACK,2000.0,True,407.0,20,2026-03-24,False,long,False
CALL_343,AGENT_7,9160677223,2026-05-19 16:50:26,2026-05-19 16:52:31,no_answer,Marathi,CALL_BACK,5000.0,True,125.0,16,2026-05-19,False,medium,False
CALL_344,AGENT_9,9945038601,2026-01-19 20:06:50,2026-01-19 20:11:52,dropped,English,FOLLOW_UP,2000.0,False,302.0,20,2026-01-19,False,long,False
CALL_345,AGENT_7,9154460628,2026-05-20 15:02:11,2026-05-20 15:07:03,callback_requested,Hindi,FOLLOW_UP,1000.0,True,292.0,15,2026-05-20,False,medium,False
CALL_346,AGENT_1,9362780939,2026-01-24 15:58:17,2026-01-24 16:04:48,dropped,English,FOLLOW_UP,2000.0,True,391.0,15,2026-01-24,True,long,False
CALL_347,AGENT_6,9289287503,2026-02-05 12:47:28,2026-02-05 13:00:50,callback_requested,Marathi,CALL_BACK,0.0,True,802.0,12,2026-02-05,False,long,True
CALL_348,AGENT_9,9931137066,2026-04-07 14:47:31,2026-04-07 15:00:38,dropped,Hindi,CALL_BACK,500.0,True,787.0,14,2026-04-07,False,long,False
CALL_349,AGENT_9,9944176181,2026-03-23 16:25:08,2026-03-23 16:38:37,connected,Hindi,PTP,500.0,True,809.0,16,2026-03-23,False,long,False
CALL_350,AGENT_4,9294181098,2026-02-02 15:03:58,2026-02-02 15:10:17,dropped,English,CALL_BACK,2000.0,True,379.0,15,2026-02-02,False,long,False
CALL_351,AGENT_3,9934671611,2026-01-08 13:31:38,2026-01-08 13:39:24,callback_requested,Marathi,CALL_BACK,1000.0,False,466.0,13,2026-01-08,False,long,False
CALL_352,AGENT_2,9306090918,2026-02-27 12:47:53,2026-02-27 12:59:48,connected,English,PTP,500.0,True,715.0,12,2026-02-27,False,long,False
CALL_353,AGENT_7,9551131533,2026-02-21 11:43:13,2026-02-21 11:47:58,connected,Marathi,PTP,2000.0,True,285.0,11,2026-02-21,True,medium,False
CALL_354,AGENT_10,9864454042,2026-02-20 20:00:14,2026-02-20 20:04:42,dropped,Marathi,CALL_BACK,1000.0,False,268.0,20,2026-02-20,False,medium,False
CALL_355,AGENT_8,9324425818,2026-04-28 13:29:16,2026-04-28 13:33:09,callback_requested,Marathi,PTP,0.0,False,233.0,13,2026-04-28,False,medium,True
CALL_356,AGENT_2,9517262695,2026-05-21 17:38:18,2026-05-21 17:43:33,connected,English,FOLLOW_UP,1000.0,False,315.0,17,2026-05-21,False,long,False
CALL_357,AGENT_4,9160985353,2026-03-21 19:57:41,2026-03-21 20:02:56,no_answer,Hindi,CALL_BACK,2000.0,False,315.0,19,2026-03-21,True,long,False
CALL_358,AGENT_5,9973788877,2026-02-24 08:41:31,2026-02-24 08:46:43,callback_requested,English,FOLLOW_UP,0.0,True,312.0,8,2026-02-24,False,long,True
CALL_359,AGENT_8,9973375420,2026-03-24 19:14:43,2026-03-24 19:24:00,dropped,Marathi,FOLLOW_UP,500.0,True,557.0,19,2026-03-24,False,long,False
CALL_361,AGENT_6,9399090969,2026-03-08 19:55:19,2026-03-08 20:02:39,dropped,Marathi,FOLLOW_UP,2000.0,True,440.0,19,2026-03-08,True,long,False
CALL_362,AGENT_2,9507042021,2026-04-02 18:37:37,2026-04-02 18:48:22,no_answer,Marathi,PTP,2000.0,False,645.0,18,2026-04-02,False,long,False
CALL_363,AGENT_7,9611392447,2026-04-02 10:08:12,2026-04-02 10:14:12,callback_requested,Hindi,FOLLOW_UP,500.0,True,360.0,10,2026-04-02,False,long,False
CALL_364,AGENT_1,9005061082,2026-04-11 18:11:20,2026-04-11 18:22:19,callback_requested,English,PTP,500.0,True,659.0,18,2026-04-11,True,long,False
CALL_365,AGENT_10,9465694083,2026-04-26 20:49:05,2026-04-26 20:51:27,callback_requested,English,FOLLOW_UP,2000.0,False,142.0,20,2026-04-26,True,medium,False
CALL_366,AGENT_1,9957784570,2026-01-02 16:12:46,2026-01-02 16:19:18,dropped,Marathi,PTP,0.0,True,392.0,16,2026-01-02,False,long,True
CALL_367,AGENT_3,9110282113,2026-02-08 19:56:22,2026-02-08 20:01:51,callback_requested,Marathi,CALL_BACK,1000.0,True,329.0,19,2026-02-08,True,long,False
CALL_368,AGENT_9,9640347321,2026-01-27 08:19:18,2026-01-27 08:27:14,dropped,English,CALL_BACK,500.0,False,476.0,8,2026-01-27,False,long,False
CALL_369,AGENT_7,9020535029,2026-04-12 20:12:10,2026-04-12 20:26:11,no_answer,Hindi,CALL_BACK,500.0,True,841.0,20,2026-04-12,True,long,False
CALL_370,AGENT_1,9402859804,2026-01-19 16:10:07,2026-01-19 16:16:32,dropped,Marathi,CALL_BACK,0.0,True,385.0,16,2026-01-19,False,long,True
CALL_373,AGENT_2,9303554082,2026-04-27 09:32:46,2026-04-27 09:43:28,connected,Hindi,FOLLOW_UP,500.0,True,642.0,9,2026-04-27,False,long,False
CALL_374,AGENT_7,9317130941,2026-03-27 16:12:22,2026-03-27 16:24:32,no_answer,Hindi,CALL_BACK,2000.0,True,730.0,16,2026-03-27,False,long,False
CALL_375,AGENT_2,9973755033,2026-04-11 11:00:00,2026-04-11 11:11:37,connected,Marathi,CALL_BACK,2000.0,True,697.0,11,2026-04-11,True,long,False
CALL_377,AGENT_1,9915095060,2026-03-15 08:06:52,2026-03-15 08:10:00,dropped,English,CALL_BACK,1000.0,False,188.0,8,2026-03-15,True,medium,False
CALL_378,AGENT_3,9712272035,2026-01-04 20:56:02,2026-01-04 20:56:21,no_answer,English,FOLLOW_UP,2000.0,False,19.0,20,2026-01-04,True,short,False
CALL_379,AGENT_7,9490204687,2026-01-12 13:11:07,2026-01-12 13:18:07,dropped,English,CALL_BACK,2000.0,False,420.0,13,2026-01-12,False,long,False
CALL_380,AGENT_3,9111361103,2026-02-04 10:44:46,2026-02-04 10:45:56,callback_requested,Marathi,FOLLOW_UP,5000.0,False,70.0,10,2026-02-04,False,medium,False
CALL_381,AGENT_1,9926183684,2026-02-20 14:49:22,2026-02-20 14:59:58,no_answer,English,FOLLOW_UP,0.0,False,636.0,14,2026-02-20,False,long,True
CALL_382,AGENT_1,9756524312,2026-04-02 09:16:41,2026-04-02 09:22:12,no_answer,Marathi,FOLLOW_UP,5000.0,True,331.0,9,2026-04-02,False,long,False
CALL_384,AGENT_6,9258655621,2026-04-28 10:04:48,2026-04-28 10:13:21,dropped,English,PTP,5000.0,True,513.0,10,2026-04-28,False,long,False
CALL_385,AGENT_2,9492949064,2026-05-21 14:25:52,2026-05-21 14:30:02,callback_requested,Marathi,FOLLOW_UP,0.0,False,250.0,14,2026-05-21,False,medium,True
CALL_386,AGENT_1,9110212429,2026-04-11 09:31:47,2026-04-11 09:43:06,callback_requested,English,PTP,5000.0,True,679.0,9,2026-04-11,True,long,False
CALL_387,AGENT_9,9603800000,2026-01-26 17:39:40,2026-01-26 17:45:01,no_answer,Marathi,CALL_BACK,2000.0,False,321.0,17,2026-01-26,False,long,False
CALL_388,AGENT_8,9356452891,2026-03-27 08:52:14,2026-03-27 09:06:48,callback_requested,Marathi,CALL_BACK,1000.0,False,874.0,8,2026-03-27,False,long,False
CALL_389,AGENT_6,9381327572,2026-01-04 20:42:14,2026-01-04 20:42:26,dropped,Marathi,CALL_BACK,1000.0,True,12.0,20,2026-01-04,True,short,False
CALL_390,AGENT_7,9114849044,2026-01-06 15:08:52,2026-01-06 15:21:16,dropped,Marathi,PTP,500.0,True,744.0,15,2026-01-06,False,long,False
CALL_391,AGENT_6,9115712585,2026-04-07 15:52:50,2026-04-07 15:56:15,callback_requested,Hindi,CALL_BACK,5000.0,True,205.0,15,2026-04-07,False,medium,False
CALL_392,AGENT_8,9004657489,2026-04-15 18:37:32,2026-04-15 18:39:59,connected,Marathi,FOLLOW_UP,5000.0,False,147.0,18,2026-04-15,False,medium,False
CALL_394,AGENT_4,9293771337,2026-05-13 14:38:58,2026-05-13 14:50:57,callback_requested,English,FOLLOW_UP,2000.0,True,719.0,14,2026-05-13,False,long,False
CALL_395,AGENT_9,9320955532,2026-02-14 17:44:56,2026-02-14 17:57:52,dropped,Marathi,CALL_BACK,5000.0,True,776.0,17,2026-02-14,True,long,False
CALL_396,AGENT_6,9989122121,2026-02-07 17:45:18,2026-02-07 17:57:11,no_answer,Marathi,CALL_BACK,500.0,False,713.0,17,2026-02-07,True,long,False
CALL_397,AGENT_10,9716354624,2026-01-25 13:35:30,2026-01-25 13:45:36,callback_requested,Marathi,CALL_BACK,5000.0,False,606.0,13,2026-01-25,True,long,False
CALL_398,AGENT_7,9156043375,2026-04-26 08:33:06,2026-04-26 08:33:41,connected,Marathi,PTP,500.0,False,35.0,8,2026-04-26,True,short,False
CALL_399,AGENT_1,9741520570,2026-02-10 18:16:09,2026-02-10 18:30:38,dropped,Hindi,CALL_BACK,0.0,False,869.0,18,2026-02-10,False,long,True
CALL_400,AGENT_9,9928616476,2026-04-04 17:55:43,2026-04-04 18:08:30,no_answer,Marathi,CALL_BACK,5000.0,False,767.0,17,2026-04-04,True,long,False
CALL_401,AGENT_5,9744034445,2026-02-17 20:50:51,2026-02-17 21:02:53,connected,English,FOLLOW_UP,2000.0,False,722.0,20,2026-02-17,False,long,False
CALL_402,AGENT_10,9932920538,2026-05-02 08:47:16,2026-05-02 08:50:53,callback_requested,Hindi,CALL_BACK,1000.0,True,217.0,8,2026-05-02,True,medium,False
CALL_403,AGENT_3,9186611097,2026-02-10 15:11:43,2026-02-10 15:13:09,connected,English,PTP,2000.0,False,86.0,15,2026-02-10,False,medium,False
CALL_404,AGENT_5,9006061417,2026-05-09 10:10:37,2026-05-09 10:25:13,dropped,English,CALL_BACK,500.0,True,876.0,10,2026-05-09,True,long,False
CALL_407,AGENT_6,9355479984,2026-01-12 11:56:13,2026-01-12 12:07:42,dropped,English,PTP,5000.0,False,689.0,11,2026-01-12,False,long,False
CALL_408,AGENT_6,9478531560,2026-05-27 20:41:00,2026-05-27 20:43:07,no_answer,Marathi,CALL_BACK,5000.0,True,127.0,20,2026-05-27,False,medium,False
CALL_410,AGENT_9,9478413078,2026-05-27 20:23:32,2026-05-27 20:37:24,callback_requested,Hindi,FOLLOW_UP,500.0,False,832.0,20,2026-05-27,False,long,False
CALL_411,AGENT_9,9007871158,2026-05-03 09:10:49,2026-05-03 09:20:09,connected,Hindi,CALL_BACK,500.0,False,560.0,9,2026-05-03,True,long,False
CALL_412,AGENT_7,9694239754,2026-01-07 16:53:44,2026-01-07 17:06:33,connected,Marathi,CALL_BACK,500.0,True,769.0,16,2026-01-07,False,long,False
CALL_413,AGENT_1,9191117627,2026-04-23 13:02:05,2026-04-23 13:03:30,dropped,Marathi,PTP,5000.0,True,85.0,13,2026-04-23,False,medium,False
CALL_414,AGENT_7,9339736473,2026-03-14 14:28:40,2026-03-14 14:35:44,connected,English,CALL_BACK,0.0,True,424.0,14,2026-03-14,True,long,True
CALL_415,AGENT_2,9384077593,2026-05-03 20:47:37,2026-05-03 20:48:33,connected,English,CALL_BACK,1000.0,True,56.0,20,2026-05-03,True,short,False
CALL_416,AGENT_1,9508940398,2026-03-25 15:24:25,2026-03-25 15:38:36,no_answer,Marathi,PTP,500.0,False,851.0,15,2026-03-25,False,long,False
CALL_417,AGENT_6,9011972445,2026-05-10 18:09:19,2026-05-10 18:21:02,no_answer,Hindi,PTP,0.0,False,703.0,18,2026-05-10,True,long,True
CALL_418,AGENT_6,9227350811,2026-05-18 09:19:13,2026-05-18 09:32:09,callback_requested,Marathi,CALL_BACK,500.0,True,776.0,9,2026-05-18,False,long,False
CALL_419,AGENT_2,9194731649,2026-02-08 17:53:16,2026-02-08 17:56:44,connected,Marathi,FOLLOW_UP,5000.0,True,208.0,17,2026-02-08,True,medium,False
CALL_420,AGENT_10,9523116712,2026-03-22 09:16:06,2026-03-22 09:19:38,dropped,English,PTP,500.0,True,212.0,9,2026-03-22,True,medium,False
CALL_421,AGENT_8,9483877436,2026-03-20 09:57:12,2026-03-20 10:02:47,dropped,Marathi,CALL_BACK,1000.0,True,335.0,9,2026-03-20,False,long,False
CALL_422,AGENT_3,9005188198,2026-05-19 13:51:20,2026-05-19 13:58:48,dropped,Hindi,PTP,2000.0,False,448.0,13,2026-05-19,False,long,False
CALL_424,AGENT_3,9957022906,2026-02-21 17:05:53,2026-02-21 17:10:50,no_answer,English,CALL_BACK,0.0,True,297.0,17,2026-02-21,True,medium,True
CALL_425,AGENT_10,9621589989,2026-01-28 16:40:01,2026-01-28 16:54:03,callback_requested,Marathi,PTP,0.0,False,842.0,16,2026-01-28,False,long,True
CALL_426,AGENT_6,9421441892,2026-05-18 15:41:49,2026-05-18 15:44:31,no_answer,Marathi,CALL_BACK,1000.0,True,162.0,15,2026-05-18,False,medium,False
CALL_427,AGENT_9,9011372730,2026-04-17 16:05:25,2026-04-17 16:11:47,no_answer,Marathi,CALL_BACK,500.0,True,382.0,16,2026-04-17,False,long,False
CALL_429,AGENT_4,9556075031,2026-02-03 12:23:14,2026-02-03 12:24:07,dropped,English,FOLLOW_UP,2000.0,True,53.0,12,2026-02-03,False,short,False
CALL_430,AGENT_5,9896437267,2026-01-21 13:06:45,2026-01-21 13:15:48,dropped,Marathi,CALL_BACK,5000.0,True,543.0,13,2026-01-21,False,long,False
CALL_431,AGENT_2,9554762561,2026-04-21 14:23:37,2026-04-21 14:34:56,dropped,English,PTP,5000.0,False,679.0,14,2026-04-21,False,long,False
CALL_432,AGENT_10,9007084208,2026-03-27 13:31:50,2026-03-27 13:40:13,no_answer,English,PTP,500.0,True,503.0,13,2026-03-27,False,long,False
CALL_434,AGENT_10,9173136853,2026-01-16 18:30:30,2026-01-16 18:34:15,callback_requested,Hindi,PTP,0.0,True,225.0,18,2026-01-16,False,medium,True
CALL_435,AGENT_1,9956486713,2026-05-19 10:08:40,2026-05-19 10:17:34,no_answer,Hindi,PTP,1000.0,True,534.0,10,2026-05-19,False,long,False
CALL_436,AGENT_5,9092071758,2026-05-13 17:36:40,2026-05-13 17:37:09,no_answer,English,CALL_BACK,2000.0,False,29.0,17,2026-05-13,False,short,False
CALL_437,AGENT_10,9880954894,2026-02-08 14:38:09,2026-02-08 14:51:52,no_answer,Marathi,CALL_BACK,5000.0,False,823.0,14,2026-02-08,True,long,False
CALL_438,AGENT_10,9634147620,2026-02-24 18:21:59,2026-02-24 18:29:53,connected,Hindi,FOLLOW_UP,2000.0,True,474.0,18,2026-02-24,False,long,False
CALL_440,AGENT_9,9807865263,2026-05-20 08:56:50,2026-05-20 09:06:04,connected,Hindi,FOLLOW_UP,500.0,True,554.0,8,2026-05-20,False,long,False
CALL_441,AGENT_9,9460588284,2026-04-17 14:23:55,2026-04-17 14:24:49,no_answer,English,FOLLOW_UP,1000.0,True,54.0,14,2026-04-17,False,short,False
CALL_442,AGENT_2,9304155269,2026-04-05 12:30:49,2026-04-05 12:34:57,callback_requested,English,PTP,0.0,True,248.0,12,2026-04-05,True,medium,True
CALL_443,AGENT_4,9738483906,2026-05-17 09:33:00,2026-05-17 09:39:34,dropped,English,FOLLOW_UP,0.0,True,394.0,9,2026-05-17,True,long,True
CALL_444,AGENT_9,9454795749,2026-04-21 17:16:16,2026-04-21 17:31:01,dropped,Marathi,FOLLOW_UP,2000.0,True,885.0,17,2026-04-21,False,long,False
CALL_447,AGENT_9,9659304715,2026-02-17 14:50:21,2026-02-17 15:04:11,connected,Hindi,FOLLOW_UP,0.0,True,830.0,14,2026-02-17,False,long,True
CALL_448,AGENT_5,9238123991,2026-02-16 17:27:05,2026-02-16 17:28:20,dropped,Hindi,CALL_BACK,0.0,False,75.0,17,2026-02-16,False,medium,True
CALL_449,AGENT_10,9061700457,2026-04-20 18:33:18,2026-04-20 18:45:36,no_answer,Marathi,FOLLOW_UP,2000.0,True,738.0,18,2026-04-20,False,long,False
CALL_450,AGENT_5,9209107461,2026-02-28 18:59:51,2026-02-28 19:08:51,connected,Marathi,CALL_BACK,5000.0,True,540.0,18,2026-02-28,True,long,False
CALL_451,AGENT_1,9169055029,2026-05-06 18:02:23,2026-05-06 18:06:37,connected,English,FOLLOW_UP,1000.0,False,254.0,18,2026-05-06,False,medium,False
CALL_452,AGENT_2,9986959246,2026-04-19 11:33:00,2026-04-19 11:45:44,connected,Marathi,FOLLOW_UP,5000.0,False,764.0,11,2026-04-19,True,long,False
CALL_454,AGENT_5,9365035599,2026-04-17 09:35:04,2026-04-17 09:43:49,connected,Marathi,FOLLOW_UP,5000.0,False,525.0,9,2026-04-17,False,long,False
CALL_455,AGENT_6,9832792876,2026-04-13 17:30:49,2026-04-13 17:35:08,callback_requested,Marathi,FOLLOW_UP,5000.0,True,259.0,17,2026-04-13,False,medium,False
CALL_456,AGENT_4,9726829775,2026-04-04 12:04:24,2026-04-04 12:15:22,no_answer,English,FOLLOW_UP,1000.0,True,658.0,12,2026-04-04,True,long,False
CALL_457,AGENT_6,9081635326,2026-03-08 12:05:25,2026-03-08 12:17:04,no_answer,English,FOLLOW_UP,1000.0,True,699.0,12,2026-03-08,True,long,False
CALL_458,AGENT_8,9791468251,2026-05-09 10:47:43,2026-05-09 10:51:07,no_answer,Hindi,CALL_BACK,500.0,False,204.0,10,2026-05-09,True,medium,False
CALL_459,AGENT_10,9382281482,2026-02-08 11:53:15,2026-02-08 12:07:41,no_answer,Hindi,PTP,0.0,False,866.0,11,2026-02-08,True,long,True
CALL_460,AGENT_8,9398569245,2026-05-01 20:54:34,2026-05-01 20:55:27,dropped,English,CALL_BACK,1000.0,False,53.0,20,2026-05-01,False,short,False
CALL_461,AGENT_10,9137703046,2026-02-25 16:17:25,2026-02-25 16:21:22,connected,Marathi,FOLLOW_UP,2000.0,True,237.0,16,2026-02-25,False,medium,False
CALL_462,AGENT_3,9490910502,2026-05-12 14:55:43,2026-05-12 15:09:07,connected,Marathi,CALL_BACK,2000.0,False,804.0,14,2026-05-12,False,long,False
CALL_464,AGENT_3,9535550230,2026-02-09 15:39:21,2026-02-09 15:45:45,callback_requested,Hindi,FOLLOW_UP,1000.0,False,384.0,15,2026-02-09,False,long,False
CALL_465,AGENT_10,9736599683,2026-04-09 15:11:36,2026-04-09 15:14:00,no_answer,Hindi,CALL_BACK,1000.0,True,144.0,15,2026-04-09,False,medium,False
CALL_466,AGENT_3,9507865951,2026-05-14 14:12:09,2026-05-14 14:25:58,connected,Hindi,FOLLOW_UP,2000.0,True,829.0,14,2026-05-14,False,long,False
CALL_467,AGENT_5,9269481312,2026-05-18 19:20:50,2026-05-18 19:29:18,connected,English,PTP,500.0,True,508.0,19,2026-05-18,False,long,False
CALL_468,AGENT_2,9483027931,2026-02-27 12:30:53,2026-02-27 12:41:47,dropped,English,FOLLOW_UP,1000.0,False,654.0,12,2026-02-27,False,long,False
CALL_469,AGENT_10,9213629646,2026-03-01 14:07:22,2026-03-01 14:22:20,no_answer,English,FOLLOW_UP,1000.0,False,898.0,14,2026-03-01,True,long,False
CALL_473,AGENT_2,9226099417,2026-02-24 11:42:16,2026-02-24 11:55:07,no_answer,English,PTP,0.0,True,771.0,11,2026-02-24,False,long,True
CALL_474,AGENT_9,9821408597,2026-04-18 08:01:49,2026-04-18 08:08:45,connected,Hindi,FOLLOW_UP,5000.0,True,416.0,8,2026-04-18,True,long,False
CALL_477,AGENT_10,9467053396,2026-05-20 15:40:47,2026-05-20 15:51:48,dropped,English,FOLLOW_UP,5000.0,True,661.0,15,2026-05-20,False,long,False
CALL_478,AGENT_3,9325958941,2026-01-15 12:23:26,2026-01-15 12:28:02,connected,Hindi,CALL_BACK,500.0,False,276.0,12,2026-01-15,False,medium,False
CALL_479,AGENT_8,9321704344,2026-03-16 16:00:44,2026-03-16 16:09:17,connected,English,FOLLOW_UP,5000.0,True,513.0,16,2026-03-16,False,long,False
CALL_480,AGENT_7,9423861817,2026-01-18 13:12:26,2026-01-18 13:22:10,no_answer,Hindi,CALL_BACK,2000.0,False,584.0,13,2026-01-18,True,long,False
CALL_481,AGENT_9,9820916739,2026-02-09 09:27:40,2026-02-09 09:31:55,dropped,English,CALL_BACK,5000.0,False,255.0,9,2026-02-09,False,medium,False
CALL_482,AGENT_2,9683858343,2026-04-07 09:11:08,2026-04-07 09:16:14,callback_requested,Marathi,FOLLOW_UP,1000.0,False,306.0,9,2026-04-07,False,long,False
CALL_483,AGENT_1,9199648970,2026-02-11 08:09:03,2026-02-11 08:18:20,connected,English,FOLLOW_UP,500.0,False,557.0,8,2026-02-11,False,long,False
CALL_484,AGENT_4,9367126134,2026-01-08 09:09:00,2026-01-08 09:17:35,callback_requested,English,FOLLOW_UP,1000.0,False,515.0,9,2026-01-08,False,long,False
CALL_485,AGENT_1,9286156035,2026-01-11 09:53:48,2026-01-11 09:56:27,callback_requested,Hindi,CALL_BACK,2000.0,True,159.0,9,2026-01-11,True,medium,False
CALL_486,AGENT_1,9130955221,2026-02-27 12:52:24,2026-02-27 13:06:42,no_answer,English,FOLLOW_UP,500.0,True,858.0,12,2026-02-27,False,long,False
CALL_487,AGENT_4,9507692567,2026-02-15 19:49:06,2026-02-15 19:58:09,callback_requested,Marathi,FOLLOW_UP,1000.0,True,543.0,19,2026-02-15,True,long,False
CALL_488,AGENT_8,9685605643,2026-01-24 16:33:07,2026-01-24 16:37:36,dropped,Hindi,FOLLOW_UP,0.0,True,269.0,16,2026-01-24,True,medium,True
CALL_489,AGENT_3,9852970198,2026-01-08 18:27:20,2026-01-08 18:27:45,dropped,Marathi,PTP,2000.0,True,25.0,18,2026-01-08,False,short,False
CALL_490,AGENT_10,9166421332,2026-01-02 17:50:44,2026-01-02 17:59:00,dropped,Hindi,PTP,500.0,False,496.0,17,2026-01-02,False,long,False
CALL_491,AGENT_1,9064183056,2026-01-22 17:21:59,2026-01-22 17:35:06,dropped,Marathi,PTP,5000.0,True,787.0,17,2026-01-22,False,long,False
CALL_494,AGENT_8,9295627385,2026-02-19 10:34:22,2026-02-19 10:40:03,no_answer,Hindi,CALL_BACK,500.0,False,341.0,10,2026-02-19,False,long,False
CALL_495,AGENT_1,9833135507,2026-03-27 12:34:23,2026-03-27 12:42:17,callback_requested,Marathi,PTP,0.0,False,474.0,12,2026-03-27,False,long,True
CALL_496,AGENT_9,9879447956,2026-05-08 13:46:04,2026-05-08 13:57:28,callback_requested,Hindi,CALL_BACK,2000.0,True,684.0,13,2026-05-08,False,long,False
CALL_497,AGENT_2,9103354415,2026-05-10 13:26:41,2026-05-10 13:32:20,connected,Hindi,PTP,500.0,True,339.0,13,2026-05-10,True,long,False
CALL_498,AGENT_10,9689075603,2026-02-04 15:12:06,2026-02-04 15:12:48,callback_requested,Marathi,FOLLOW_UP,5000.0,False,42.0,15,2026-02-04,False,short,False
CALL_499,AGENT_1,9998806492,2026-01-12 11:38:45,2026-01-12 11:40:07,no_answer,Marathi,FOLLOW_UP,0.0,False,82.0,11,2026-01-12,False,medium,True
